id,label,artist,src
1,有梦不难,林俊杰,林俊杰 - 有梦不难.mp3
2,花火,汪峰,汪峰 - 花火.mp3
3,春雨里洗过的太阳,王力宏,王力宏 - 春雨里洗过的太阳.mp3
4,黑武士,林俊杰,林俊杰 - 黑武士.mp3
5,Pray,千菅春香,千菅春香 - Pray.mp3
6,爱 (Live),林俊杰,林俊杰 - 爱 (Live).mp3
7,听妈妈的话,周杰伦,周杰伦 - 听妈妈的话.mp3
8,床边故事,周杰伦,周杰伦 - 床边故事.mp3
9,西界,林俊杰,林俊杰 - 西界.mp3
10,龙卷风,周杰伦,周杰伦 - 龙卷风.mp3
11,伏笔,薛之谦,薛之谦 - 伏笔.mp3
12,不为谁而作的歌,林俊杰,林俊杰 - 不为谁而作的歌.mp3
13,心雨,周杰伦,周杰伦 - 心雨.mp3
14,三葉のテーマ,RADWIMPS,RADWIMPS - 三葉のテーマ.mp3
15,前世情人,周杰伦,周杰伦 - 前世情人.mp3
16,剩下的盛夏,TFBOYS、嘻游记,TFBOYS、嘻游记 - 剩下的盛夏.mp3
17,因为爱情,陈奕迅、王菲,陈奕迅、王菲 - 因为爱情.mp3
18,她说,林俊杰,林俊杰 - 她说.mp3
19,一丝不挂,陈奕迅,陈奕迅 - 一丝不挂.mp3
20,回忆的沙漏,G.E.M.邓紫棋,G.E.M.邓紫棋 - 回忆的沙漏.mp3
21,太傻,金志文,金志文 - 太傻.mp3
22,背过手,薛之谦,薛之谦 - 背过手.mp3
23,最美的太阳 (Live),张杰、林俊杰,张杰、林俊杰 - 最美的太阳 (Live).mp3
24,你不是真正的快乐,五月天,五月天 - 你不是真正的快乐.mp3
25,Vale Of Tears,Jay Clifford,Jay Clifford - Vale Of Tears.mp3
26,CHIEH WEN,TZU,TZU-CHIEH WEN - Sakura Iro No Yume.mp3
27,不该,周杰伦、aMEI,周杰伦、aMEI - 不该.mp3
28,Galway Girl (Martin Jensen Remix),Ed Sheeran、Martin Jensen,Ed Sheeran、Martin Jensen - Galway Girl (Martin Jensen Remix).mp3
29,情非得已,庾澄庆,庾澄庆 - 情非得已.mp3
30,Routine,Alan Walker、David Whistle,Alan Walker、David Whistle - Routine.mp3
31,走在冷风中,刘思涵,刘思涵 - 走在冷风中.mp3
32,ヒトリゴト,ClariS,ClariS - ヒトリゴト.mp3
33,有一个姑娘,李荣浩,李荣浩 - 有一个姑娘.mp3
34,威廉古堡,周杰伦,周杰伦 - 威廉古堡.mp3
35,清明雨上,许嵩,许嵩 - 清明雨上.mp3
36,依然爱你,王力宏,王力宏 - 依然爱你.mp3
37,晴天,周杰伦,周杰伦 - 晴天.mp3
38,成都,赵雷,赵雷 - 成都.mp3
39,Demons,Imagine Dragons,Imagine Dragons - Demons.mp3
40,彩虹,周杰伦,周杰伦 - 彩虹.mp3
41,杀手,林俊杰,林俊杰 - 杀手.mp3
42,林俊杰,我们,我们-林俊杰.mp3
43,最好,薛之谦,薛之谦 - 最好.mp3
44,黑键,林俊杰,林俊杰 - 黑键.mp3
45,恋爱ing,五月天,五月天 - 恋爱ing.mp3
46,不说,李荣浩,李荣浩 - 不说.mp3
47,平行線,さユり,さユり - 平行線.mp3
48,亲爱的小孩,苏芮,苏芮 - 亲爱的小孩.mp3
49,回到过去,周杰伦,周杰伦 - 回到过去.mp3
50,富士山下,陈奕迅,陈奕迅 - 富士山下.mp3
51,喜剧之王,李荣浩,李荣浩 - 喜剧之王.mp3
52,不潮不用花钱,林俊杰,林俊杰 - 不潮不用花钱.mp3
53,拜拜,李荣浩,李荣浩 - 拜拜.mp3
54,当你老了,莫文蔚,莫文蔚 - 当你老了.mp3
55,江南 (粤语版),林俊杰,林俊杰 - 江南 (粤语版).mp3
56,崇拜,林俊杰,林俊杰 - 崇拜.mp3
57,安静,周杰伦,周杰伦 - 安静.mp3
58,Love U U,林俊杰,林俊杰 - Love U U.mp3
59,等你爱我,陈奕迅,陈奕迅 - 等你爱我.mp3
60,哑巴,薛之谦,薛之谦 - 哑巴.mp3
61,多余的解释,许嵩,许嵩 - 多余的解释.mp3
62,老伴,李荣浩,李荣浩 - 老伴.mp3
63,虹之间,金贵晟,金贵晟 - 虹之间.mp3
64,打上花火,米津玄師、DAOKO,米津玄師、DAOKO - 打上花火.mp3
65,红颜,胡彦斌,胡彦斌 - 红颜.mp3
66,消愁 (Live),毛不易,毛不易 - 消愁 (Live).mp3
67,IF YOU,BIGBANG,BIGBANG - IF YOU.mp3
68,一半,薛之谦,薛之谦 - 一半.mp3
69,成全 (Live),林宥嘉,林宥嘉 - 成全 (Live).mp3
70,忘了你忘了我 (Live),林俊杰,林俊杰 - 忘了你忘了我 (Live).mp3
71,風の声を聴きながら,三月のパンタシア,三月のパンタシア - 風の声を聴きながら.mp3
72,平凡之路,朴树,朴树 - 平凡之路.mp3
73,スパークル (Movie ver,RADWIMPS,RADWIMPS - スパークル (Movie ver.).mp3
74,Unpredictable,易烊千玺,易烊千玺 - Unpredictable.mp3
75,爸爸妈妈,李荣浩,李荣浩 - 爸爸妈妈.mp3
76,浮夸,陈奕迅,陈奕迅 - 浮夸.mp3
77,我们的时光 (Live),林俊杰,林俊杰 - 我们的时光 (Live).mp3
78,夜曲,周杰伦,周杰伦 - 夜曲.mp3
79,"你,有没有过",林俊杰,"林俊杰 - 你,有没有过.mp3"
80,半岛铁盒,周杰伦,周杰伦 - 半岛铁盒.mp3
81,Wings Of Piano,V.K克,V.K克 - Wings Of Piano.mp3
82,第几个100天,林俊杰,林俊杰 - 第几个100天.mp3
83,黄色枫叶,薛之谦,薛之谦 - 黄色枫叶.mp3
84,烟花易冷,周杰伦,周杰伦 - 烟花易冷.mp3
85,圣所,林俊杰,林俊杰 - 圣所.mp3
86,飞云之下,韩红、林俊杰,韩红、林俊杰 - 飞云之下.mp3
87,单身情歌,林志炫,林志炫 - 单身情歌.mp3
88,原来,林俊杰,林俊杰 - 原来.mp3
89,轨迹,周杰伦,周杰伦 - 轨迹.mp3
90,かくしん的☆めたまるふぉ~ぜっ!,田中あいみ,田中あいみ - かくしん的☆めたまるふぉ~ぜっ!.mp3
91,说好的幸福呢,周杰伦,周杰伦 - 说好的幸福呢.mp3
92,学不会,林俊杰,林俊杰 - 学不会.mp3
93,绅士,薛之谦,薛之谦 - 绅士.mp3
94,派对动物,五月天,五月天 - 派对动物.mp3
95,肆无忌惮,薛之谦,薛之谦 - 肆无忌惮.mp3
96,十二生肖,王力宏,王力宏 - 十二生肖.mp3
97,かたわれ時,RADWIMPS,RADWIMPS - かたわれ時.mp3
98,Sorry,Justin Bieber,Justin Bieber - Sorry.mp3
99,笑忘书 (Live),李荣浩,李荣浩 - 笑忘书 (Live).mp3
100,We Can't Stop,Boyce Avenue Bea Miller,Boyce Avenue Bea Miller - We Can't Stop.mp3
101,树读,王俊凯,王俊凯 - 树读.mp3
102,Lonely Christmas,陈奕迅,陈奕迅 - Lonely Christmas.mp3
103,明年今日,陈奕迅,陈奕迅 - 明年今日.mp3
104,一点点,周杰伦,周杰伦 - 一点点.mp3
105,春泥,庾澄庆,庾澄庆 - 春泥.mp3
106,末班车 (Live),林俊杰,林俊杰 - 末班车 (Live).mp3
107,剪云者,林俊杰,林俊杰 - 剪云者.mp3
108,Sleep,王源,王源 - Sleep.mp3
109,追风筝的孩子 (Live),林俊杰,林俊杰 - 追风筝的孩子 (Live).mp3
110,你还要我怎样,薛之谦,薛之谦 - 你还要我怎样.mp3
111,小幸运,田馥甄,田馥甄 - 小幸运.mp3
112,王妃,萧敬腾,萧敬腾 - 王妃.mp3
113,残酷月光,林宥嘉,林宥嘉 - 残酷月光.mp3
114,你不是真正的快乐 (Live),五月天,五月天 - 你不是真正的快乐 (Live).mp3
115,当你,回音哥,回音哥 - 当你.mp3
116,不斩无名,KBShinya,KBShinya - 不斩无名.mp3
117,摩天大楼,薛之谦,薛之谦 - 摩天大楼.mp3
118,勋章,鹿晗,鹿晗 - 勋章.mp3
119,郭顶,水星记,水星记-郭顶.mp3
120,江南,林俊杰,林俊杰 - 江南.mp3
121,凤凰于飞 (Live),林俊杰,林俊杰 - 凤凰于飞 (Live).mp3
122,我看着你的时候,李荣浩,李荣浩 - 我看着你的时候.mp3
123,高尚,薛之谦,薛之谦 - 高尚.mp3
124,醒来 (Live),薛之谦、岳云鹏,薛之谦、岳云鹏 - 醒来 (Live).mp3
125,两个人,李荣浩,李荣浩 - 两个人.mp3
126,茉莉雨,林俊杰,林俊杰 - 茉莉雨.mp3
127,红玫瑰,陈奕迅,陈奕迅 - 红玫瑰.mp3
128,丹宁执着,林俊杰,林俊杰 - 丹宁执着.mp3
129,我还想她,林俊杰,林俊杰 - 我还想她.mp3
130,夜的第七章,周杰伦,周杰伦 - 夜的第七章.mp3
131,天涯过客,周杰伦,周杰伦 - 天涯过客.mp3
132,兰亭序,周杰伦,周杰伦 - 兰亭序.mp3
133,一次就好,杨宗纬,杨宗纬 - 一次就好.mp3
134,にめんせい☆ウラオモテライフ!,田中あいみ,田中あいみ - にめんせい☆ウラオモテライフ!.mp3
135,一生中最爱 (Live),羽·泉,羽·泉 - 一生中最爱 (Live).mp3
136,祝你幸福,李荣浩,李荣浩 - 祝你幸福.mp3
137,醉赤壁,林俊杰,林俊杰 - 醉赤壁.mp3
138,将故事写成我们,林俊杰,林俊杰 - 将故事写成我们.mp3
139,我的歌声里,曲婉婷,曲婉婷 - 我的歌声里.mp3
140,太坦白,李荣浩,李荣浩 - 太坦白.mp3
141,一起摇摆,汪峰,汪峰 - 一起摇摆.mp3
142,致爱 Your Song,鹿晗,鹿晗 - 致爱 Your Song.mp3
143,Honor,unknown,Honor.mp3
144,简简单单,林俊杰,林俊杰 - 简简单单.mp3
145,最佳损友,陈奕迅,陈奕迅 - 最佳损友.mp3
146,你是我的唯一 (Live),林俊杰,林俊杰 - 你是我的唯一 (Live).mp3
147,螢,RADWIMPS,RADWIMPS - 螢.mp3
148,断点,张敬轩,张敬轩 - 断点.mp3
149,Too Bad,林俊杰,林俊杰 - Too Bad.mp3
150,星辰,张杰,张杰 - 星辰.mp3
151,Perfect,Ed Sheeran,Ed Sheeran - Perfect.mp3
152,阴天快乐,陈奕迅,陈奕迅 - 阴天快乐.mp3
153,ふ・れ・ん・ど・し・た・い,水瀬いのり、MAO、小澤亜李、高橋李依,水瀬いのり、MAO、小澤亜李、高橋李依 - ふ・れ・ん・ど・し・た・い.mp3
154,演员,薛之谦,薛之谦 - 演员.mp3
155,三生三世,张杰,张杰 - 三生三世.mp3
156,The Phoenix,Fall Out Boy,Fall Out Boy - The Phoenix.mp3
157,以父之名,周杰伦,周杰伦 - 以父之名.mp3
158,黑色毛衣,周杰伦,周杰伦 - 黑色毛衣.mp3
159,缘分一道桥,王力宏、谭维维,王力宏、谭维维 - 缘分一道桥.mp3
160,浪漫血液,林俊杰,林俊杰 - 浪漫血液.mp3
161,我继续,林俊杰,林俊杰 - 我继续.mp3
162,爱情转移,陈奕迅,陈奕迅 - 爱情转移.mp3
163,时间都去哪了,王铮亮,王铮亮 - 时间都去哪了.mp3
164,红尘客栈,周杰伦,周杰伦 - 红尘客栈.mp3
165,飘移,周杰伦,周杰伦 - 飘移.mp3
166,ne! ne! ne!,STARTails☆,STARTails☆ - ne! ne! ne!.mp3
167,蜗牛 (Live),周杰伦,周杰伦 - 蜗牛 (Live).mp3
168,敷衍,薛之谦,薛之谦 - 敷衍.mp3
169,鞋子特大号,周杰伦,周杰伦 - 鞋子特大号.mp3
170,披风,陈奕迅,陈奕迅 - 披风.mp3
171,神代梦华谭,泠鸢yousa,泠鸢yousa - 神代梦华谭-官方版.mp3
172,妈妈的娜鲁娃,林俊杰,林俊杰 - 妈妈的娜鲁娃.mp3
173,父亲,筷子兄弟,筷子兄弟 - 父亲.mp3
174,Try,周杰伦、派伟俊,周杰伦、派伟俊 - Try.mp3
175,蓝绿,李荣浩,李荣浩 - 蓝绿.mp3
176,伟大的渺小,林俊杰,林俊杰 - 伟大的渺小.mp3
177,星座,王力宏,王力宏 - 星座.mp3
178,逍遥叹,胡歌,胡歌 - 逍遥叹.mp3
179,林俊杰,故事细腻,故事细腻-林俊杰.mp3
180,怀梦之泽,泠鸢yousa、银临,泠鸢yousa、银临 - 怀梦之泽.mp3
181,给我一首歌的时间,周杰伦,周杰伦 - 给我一首歌的时间.mp3
182,那是你离开了北京的生活,薛之谦,薛之谦 - 那是你离开了北京的生活.mp3
183,Pachelbels_Canon_In,unknown,Pachelbels_Canon_In.mp3
184,心做し,鹿乃,鹿乃 - 心做し.mp3
185,突然好想你,五月天,五月天 - 突然好想你.mp3
186,只对你有感觉,林俊杰,林俊杰 - 只对你有感觉.mp3
187,发如雪,周杰伦,周杰伦 - 发如雪.mp3
188,生生,林俊杰,林俊杰 - 生生.mp3
189,其实,薛之谦,薛之谦 - 其实.mp3
190,爸我回来了,周杰伦,周杰伦 - 爸我回来了.mp3
191,Friends (Remix),Justin Bieber、Julia Michaels、BloodPop®,Justin Bieber、Julia Michaels、BloodPop® - Friends (Remix).mp3
192,黑夜问白天,林俊杰,林俊杰 - 黑夜问白天.mp3
193,曹操,林俊杰,林俊杰 - 曹操.mp3
194,月光,胡彦斌,胡彦斌 - 月光.mp3
195,裙姊,李荣浩,李荣浩 - 裙姊.mp3
196,像我这样的人,毛不易,毛不易 - 像我这样的人 - Live.mp3
197,夢路らびりんす,原田彩楓、本渡楓、久保ユリカ、佳村はるか,原田彩楓、本渡楓、久保ユリカ、佳村はるか - 夢路らびりんす.mp3
198,老街,李荣浩,李荣浩 - 老街.mp3
199,千本樱,群星,群星 - 千本樱 - 幼女版.mp3
200,星空,五月天,五月天 - 星空.mp3
201,慢慢,胡彦斌,胡彦斌 - 慢慢.mp3
202,Animals,Maroon 5,Maroon 5 - Animals.mp3
203,稻香,周杰伦,周杰伦 - 稻香.mp3
204,Imagine Dragons,Believer,Believer-Imagine Dragons.mp3
205,断了的弦,周杰伦,周杰伦 - 断了的弦.mp3
206,告白,初音ミク,初音ミク - 告白.mp3
207,曾经的你,许巍,许巍 - 曾经的你.mp3
208,一眼万年,林俊杰,林俊杰 - 一眼万年.mp3
209,青い栞,Galileo Galilei,Galileo Galilei - 青い栞.mp3
210,遇见,孙燕姿,孙燕姿 - 遇见.mp3
211,何以歌,KBShinya,KBShinya - 何以歌.mp3
212,小酒窝 (独唱版),林俊杰,林俊杰 - 小酒窝 (独唱版).mp3
213,弹唱,林俊杰,林俊杰 - 弹唱.mp3
214,昨日青空,尤长靖,尤长靖 - 昨日青空.mp3
215,皮囊,萧敬腾,萧敬腾 - 皮囊.mp3
216,独舞,林俊杰,林俊杰 - 独舞.mp3
217,搁浅,周杰伦,周杰伦 - 搁浅.mp3
218,RISE,The Glitch Mob Mako The Word Alive,The Glitch Mob Mako The Word Alive - RISE.mp3
219,"明天,你好",牛奶咖啡,"牛奶咖啡 - 明天,你好.mp3"
220,至少还有你,林俊杰,林俊杰 - 至少还有你.mp3
221,Despacito,Luis Fonsi、Daddy Yankee、Justin Bieber,Luis Fonsi、Daddy Yankee、Justin Bieber - Despacito.mp3
222,丑八怪,薛之谦,薛之谦 - 丑八怪.mp3
223,20180511_181827,unknown,20180511_181827.m4a
224,模特,李荣浩,李荣浩 - 模特.mp3
225,なんでもないや,RADWIMPS,RADWIMPS - なんでもないや.mp3
226,违背的青春,薛之谦,薛之谦 - 违背的青春.mp3
227,Vital,遠藤正明,遠藤正明 - Vital.mp3
228,如果有一天 (Live),李荣浩,李荣浩 - 如果有一天 (Live).mp3
229,圣诞结,陈奕迅,陈奕迅 - 圣诞结.mp3
230,Magic_Mullet,unknown,Magic_Mullet.mp3
231,Tummy,RADWIMPS,RADWIMPS - Tummy.mp3
232,算什么男人,周杰伦,周杰伦 - 算什么男人.mp3
233,在这个世界相遇,陈奕迅,陈奕迅 - 在这个世界相遇.mp3
234,我们的爱 (Live),林俊杰,林俊杰 - 我们的爱 (Live).mp3
235,飞机,林俊杰、林俊峰,林俊杰、林俊峰 - 飞机.mp3
236,山河令 (Live),排骨教主,排骨教主 - 山河令 (Live).mp3
237,难以启齿的柔弱,金志文,金志文 - 难以启齿的柔弱.mp3
238,倔强,五月天,五月天 - 倔强.mp3
239,十年,陈奕迅,陈奕迅 - 十年.mp3
240,新地球,林俊杰,林俊杰 - 新地球.mp3
241,我怀念的 (Live),林俊杰,林俊杰 - 我怀念的 (Live).mp3
242,像风一样,薛之谦,薛之谦 - 像风一样.mp3
243,被风吹过的夏天,金莎、林俊杰,金莎、林俊杰 - 被风吹过的夏天.mp3
244,作曲家,李荣浩,李荣浩 - 作曲家.mp3
245,Shape of You,Ed Sheeran,Ed Sheeran - Shape of You.mp3
246,How Long,Charlie Puth,Charlie Puth - How Long.mp3
247,红颜,金贵晟,金贵晟 - 红颜.mp3
248,Lier and Accuser,林俊杰,林俊杰 - Lier and Accuser.mp3
249,爱你 (Live),林俊杰,林俊杰 - 爱你 (Live).mp3
250,说了再见,周杰伦,周杰伦 - 说了再见.mp3
251,简单爱,周杰伦,周杰伦 - 简单爱.mp3
252,流行主教,林俊杰,林俊杰 - 流行主教.mp3
253,像我这样的人 (Live),毛不易,毛不易 - 像我这样的人 (Live).mp3
254,那些年,胡夏,胡夏 - 那些年.mp3
255,开不了口,周杰伦,周杰伦 - 开不了口.mp3
256,浪费,林宥嘉,林宥嘉 - 浪费.mp3
257,盛夏 (Live),毛不易,毛不易 - 盛夏 (Live).mp3
258,生きていたんだよな,あいみょん,あいみょん - 生きていたんだよな.mp3
259,全世界谁倾听你,林宥嘉,林宥嘉 - 全世界谁倾听你.mp3
260,退后,周杰伦,周杰伦 - 退后.mp3
261,Polonaise,unknown,Polonaise.mp3
262,李白,李荣浩,李荣浩 - 李白.mp3
263,不能说的秘密,周杰伦,周杰伦 - 不能说的秘密.mp3
264,戒烟,李荣浩,李荣浩 - 戒烟.mp3
265,狐狸,薛之谦,薛之谦 - 狐狸.mp3
266,Legends Never Die (Alan Walker Remix),Alan Walker,Alan Walker - Legends Never Die (Alan Walker Remix).mp3
267,ときめきポポロン♪,水瀬いのり、徳井青空、村川梨衣,水瀬いのり、徳井青空、村川梨衣 - ときめきポポロン♪.mp3
268,千百度,许嵩,许嵩 - 千百度.mp3
269,アイロニ,4円,4円 - アイロニ.mp3
270,你的背包,陈奕迅,陈奕迅 - 你的背包.mp3
271,未完成的歌,薛之谦,薛之谦 - 未完成的歌.mp3
272,小瓶子 (电影＂假如王子睡着了＂印象曲),林俊杰,林俊杰 - 小瓶子 (电影＂假如王子睡着了＂印象曲).mp3
273,最美的太阳 (Live),张杰,张杰 - 最美的太阳 (Live).mp3
274,美人鱼,林俊杰,林俊杰 - 美人鱼.mp3
275,离骚,易烊千玺,易烊千玺 - 离骚.mp3
276,驼铃,刀郎,刀郎 - 驼铃.mp3
277,说走就走,周杰伦,周杰伦 - 说走就走.mp3
278,动物世界,薛之谦,薛之谦 - 动物世界.mp3
279,抢玫瑰,林宇中、林俊杰,林宇中、林俊杰 - 抢玫瑰.mp3
280,就这样,李荣浩,李荣浩 - 就这样.mp3
281,谢谢侬,陈奕迅,陈奕迅 - 谢谢侬.mp3
282,不将就,李荣浩,李荣浩 - 不将就.mp3
283,芊芊,回音哥,回音哥 - 芊芊.mp3
284,期待你的爱,林俊杰、金莎,林俊杰、金莎 - 期待你的爱.mp3
285,江南+女儿情+修炼爱情 (Live),林俊杰,林俊杰 - 江南+女儿情+修炼爱情 (Live).mp3
286,身为风帆,林俊杰,林俊杰 - 身为风帆.flac
287,最後の晩餐,RADWIMPS,RADWIMPS - 最後の晩餐.mp3
288,骆驼,薛之谦,薛之谦 - 骆驼.mp3
289,我不配,周杰伦,周杰伦 - 我不配.mp3
290,Until The Day,林俊杰,林俊杰 - Until The Day.mp3
291,Immortals,Fall Out Boy,Fall Out Boy - Immortals.mp3
292,背对背拥抱,林俊杰,林俊杰 - 背对背拥抱.mp3
293,飘向北方,王力宏、黄明志,王力宏、黄明志 - 飘向北方.mp3
294,Galway Girl,Ed Sheeran,Ed Sheeran - Galway Girl.mp3
295,修炼爱情,林俊杰,林俊杰 - 修炼爱情.mp3
296,匆匆那年 (Live),林俊杰,林俊杰 - 匆匆那年 (Live).mp3
297,米兰的小铁匠,周杰伦,周杰伦 - 米兰的小铁匠.mp3
298,不醉不会,田馥甄,田馥甄 - 不醉不会.mp3
299,除了爱你还能爱谁 (Live),林俊杰,林俊杰 - 除了爱你还能爱谁 (Live).mp3
300,听爱,王力宏,王力宏 - 听爱.mp3
301,I'm the One,Justin Bieber、Lil Wayne、DJ Khaled、Chance the Rapper、Quavo,Justin Bieber、Lil Wayne、DJ Khaled、Chance the Rapper、Quavo - I'm the One.mp3
302,夜空中最亮的星,逃跑计划,逃跑计划 - 夜空中最亮的星.mp3
303,月半小夜曲,李克勤,李克勤 - 月半小夜曲.mp3
304,手写的从前,周杰伦,周杰伦 - 手写的从前.mp3
305,豆浆油条,林俊杰,林俊杰 - 豆浆油条.mp3
306,霜雪千年,双笙、封茗囧菌,双笙、封茗囧菌 - 霜雪千年.mp3
307,デート,RADWIMPS,RADWIMPS - デート.mp3
308,女儿情,林俊杰,林俊杰 - 女儿情.mp3
309,止战之殇,周杰伦,周杰伦 - 止战之殇.mp3
310,忘记时间,胡歌,胡歌 - 忘记时间.mp3
311,爱与希望,林俊杰、重庆市青少年宫银杏童声合唱团,林俊杰、重庆市青少年宫银杏童声合唱团 - 爱与希望.mp3
312,记得,林俊杰,林俊杰 - 记得.mp3
313,春天里,汪峰,汪峰 - 春天里.mp3
314,What Ifs,Kane Brown、Lauren Alaina,Kane Brown、Lauren Alaina - What Ifs.mp3
315,你的配角,回音哥,回音哥 - 你的配角.mp3
316,听,张杰,张杰 - 听.mp3
317,Moves Like Jagger,Christina Aguilera、Maroon 5,Christina Aguilera、Maroon 5 - Moves Like Jagger.mp3
318,放,陈奕迅,陈奕迅 - 放.mp3
319,输了你赢了世界又如何 (Live),林俊杰,林俊杰 - 输了你赢了世界又如何 (Live).mp3
320,少年,李荣浩,李荣浩 - 少年.mp3
321,アンチクロックワイズ,After the Rain,After the Rain - アンチクロックワイズ.mp3
322,明明就,周杰伦,周杰伦 - 明明就.mp3
323,借 (Live),毛不易,毛不易 - 借 (Live).mp3
324,林俊杰,不能说的秘密,不能说的秘密-林俊杰.mp3
325,认真的雪,薛之谦,薛之谦 - 认真的雪.mp3
326,列王的纷争,王力宏,王力宏 - 列王的纷争.mp3
327,英雄,周杰伦,周杰伦 - 英雄.mp3
328,前前前世,RADWIMPS,RADWIMPS - 前前前世 - Movie版.mp3
329,嗯,李荣浩,李荣浩 - 嗯.mp3
330,海绵宝宝,回音哥,回音哥 - 海绵宝宝.mp3
331,告白气球,周杰伦,周杰伦 - 告白气球.mp3
332,爱情废柴,周杰伦,周杰伦 - 爱情废柴.mp3
333,手心的蔷薇,林俊杰、G.E.M.邓紫棋,林俊杰、G.E.M.邓紫棋 - 手心的蔷薇.mp3
334,后羿,李荣浩,李荣浩 - 后羿.mp3
335,进阶,林俊杰,林俊杰 - 进阶.mp3
336,可惜没如果,林俊杰,林俊杰 - 可惜没如果.mp3
337,现在的我和她,林俊杰,林俊杰 - 现在的我和她.mp3
338,心墙,林俊杰,林俊杰 - 心墙.mp3
339,白玫瑰,陈奕迅,陈奕迅 - 白玫瑰.mp3
340,屋顶,周杰伦、温岚,周杰伦、温岚 - 屋顶.mp3
341,怪咖,薛之谦,薛之谦 - 怪咖.mp3
342,Alice Good Night (MV版),Riin,Riin - Alice Good Night (MV版).mp3
343,伤心的人别听慢歌 (贯彻快乐) (Live),S.H.E、五月天,S.H.E、五月天 - 伤心的人别听慢歌 (贯彻快乐) (Live).mp3
344,五月天,生存以上生活以下,生存以上生活以下-五月天.mp3
345,Now You See Me,周杰伦,周杰伦 - Now You See Me.mp3
346,好久不见,陈奕迅,陈奕迅 - 好久不见.mp3
347,七里香,周杰伦,周杰伦 - 七里香.mp3
348,林俊杰,Lemon Tree,Lemon Tree-林俊杰.mp3
349,木乃伊,林俊杰,林俊杰 - 木乃伊.mp3
350,珊瑚海,周杰伦、梁心颐,周杰伦、梁心颐 - 珊瑚海.mp3
351,Thinking Out Loud,Ed Sheeran,Ed Sheeran - Thinking Out Loud.mp3
352,我们很好,林俊杰,林俊杰 - 我们很好.mp3
353,下雨了,薛之谦,薛之谦 - 下雨了.mp3
354,i just wanna run,the downtown fiction,the downtown fiction - i just wanna run.mp3
355,冻结,林俊杰,林俊杰 - 冻结.mp3
356,吴青峰,逆光,逆光-吴青峰.mp3
357,青花瓷,周杰伦,周杰伦 - 青花瓷.mp3
358,后来的我们,五月天,五月天 - 后来的我们.mp3
359,爱要怎么说出口 (Live),林俊杰,林俊杰 - 爱要怎么说出口 (Live).mp3
360,最长的电影,周杰伦,周杰伦 - 最长的电影.mp3
361,传说,薛之谦,薛之谦 - 传说.mp3
362,Sugar,Maroon 5,Maroon 5 - Sugar.mp3
363,Fluquor,Rin'、Onoken,Rin'、Onoken - Fluquor.mp3
364,单车,陈奕迅,陈奕迅 - 单车.mp3
365,我好像在哪见过你,薛之谦,薛之谦 - 我好像在哪见过你.mp3
366,那些你很冒险的梦,林俊杰,林俊杰 - 那些你很冒险的梦.mp3
367,One Shot,林俊杰、王力宏,林俊杰、王力宏 - One Shot.mp3
368,一路向北,周杰伦,周杰伦 - 一路向北.mp3
369,Despacito 缓缓 (Mandarin Version),Luis Fonsi、林俊杰,Luis Fonsi、林俊杰 - Despacito 缓缓 (Mandarin Version).mp3
370,东风破,周杰伦,周杰伦 - 东风破.flac
371,穿越,林俊杰,林俊杰 - 穿越.mp3
372,安娜的橱窗,封茗囧菌,封茗囧菌 - 安娜的橱窗.mp3
373,菊花台,周杰伦,周杰伦 - 菊花台.mp3
374,六月的雨,胡歌,胡歌 - 六月的雨.mp3
375,夢灯籠,RADWIMPS,RADWIMPS - 夢灯籠.mp3
376,演员和歌手,陈坤、李荣浩,陈坤、李荣浩 - 演员和歌手.mp3
377,甜甜的,周杰伦,周杰伦 - 甜甜的.mp3
378,Lifting You,N.E.R.D、Ed Sheeran,N.E.R.D、Ed Sheeran - Lifting You.mp3
379,Cries in a Distance,林俊杰,林俊杰 - Cries in a Distance.mp3
380,只要有你的地方 (晚安版),林俊杰,林俊杰 - 只要有你的地方 (晚安版).mp3
381,关键词,林俊杰,林俊杰 - 关键词.mp3
382,unravel,TK from 凛として時雨,TK from 凛として時雨 - unravel.mp3
383,借口,周杰伦,周杰伦 - 借口.mp3
384,我很想爱他,林俊杰,林俊杰 - 我很想爱他.mp3
385,歌谣,李荣浩,李荣浩 - 歌谣.mp3
386,莎士比亚的天份,林俊杰,林俊杰 - 莎士比亚的天份.mp3
387,All Falls Down,Alan Walker、Noah Cyrus、Digital Farm Animals,Alan Walker、Noah Cyrus、Digital Farm Animals - All Falls Down.mp3
388,'I' Novel,RADWIMPS,RADWIMPS - 'I' Novel.mp3
389,星晴,周杰伦,周杰伦 - 星晴.mp3
390,迷迭香,周杰伦,周杰伦 - 迷迭香.mp3
391,说谎,林宥嘉,林宥嘉 - 说谎.mp3
392,都一样,李荣浩,李荣浩 - 都一样.mp3
393,听见下雨的声音,周杰伦,周杰伦 - 听见下雨的声音.mp3
394,Maps,Maroon 5,Maroon 5 - Maps.mp3
395,无与伦比的美丽,苏打绿,苏打绿 - 无与伦比的美丽.mp3
396,See You Again,Wiz Khalifa、Charlie Puth,Wiz Khalifa、Charlie Puth - See You Again.mp3
397,入阵曲,五月天,五月天 - 入阵曲.mp3
398,刘昊霖,儿时,儿时-刘昊霖.mp3
399,蒲公英的约定,周杰伦,周杰伦 - 蒲公英的约定.mp3
400,裂心,王力宏,王力宏 - 裂心.mp3
401,天后 (Live),薛之谦,薛之谦 - 天后 (Live).mp3
402,精灵,林俊杰,林俊杰 - 精灵.mp3
403,大城小爱,王力宏,王力宏 - 大城小爱.mp3
404,山河令,KBShinya,KBShinya - 山河令.m4a
405,爱笑的眼睛,林俊杰,林俊杰 - 爱笑的眼睛.mp3
406,枫,周杰伦,周杰伦 - 枫.mp3
407,Never Say Never,Justin Bieber、Jaden Smith,Justin Bieber、Jaden Smith - Never Say Never.mp3
408,千里之外,周杰伦、费玉清,周杰伦、费玉清 - 千里之外.mp3
409,黑暗骑士,林俊杰、五月天,林俊杰、五月天 - 黑暗骑士.mp3
410,四点四十四,林俊杰,林俊杰 - 四点四十四.mp3
